Date_Key,Year,Quarter,Month_Num,Month_Name,Year_Month,Day_Name,Is_Weekend,Is_Complete_Month,Date
20220101,2022,Q1,1,Jan,2022-01,Saturday,1,1,2022-01-01
20220102,2022,Q1,1,Jan,2022-01,Sunday,1,1,2022-01-02
20220103,2022,Q1,1,Jan,2022-01,Monday,0,1,2022-01-03
20220104,2022,Q1,1,Jan,2022-01,Tuesday,0,1,2022-01-04
20220105,2022,Q1,1,Jan,2022-01,Wednesday,0,1,2022-01-05
20220106,2022,Q1,1,Jan,2022-01,Thursday,0,1,2022-01-06
20220107,2022,Q1,1,Jan,2022-01,Friday,0,1,2022-01-07
20220108,2022,Q1,1,Jan,2022-01,Saturday,1,1,2022-01-08
20220109,2022,Q1,1,Jan,2022-01,Sunday,1,1,2022-01-09
20220110,2022,Q1,1,Jan,2022-01,Monday,0,1,2022-01-10
20220111,2022,Q1,1,Jan,2022-01,Tuesday,0,1,2022-01-11
20220112,2022,Q1,1,Jan,2022-01,Wednesday,0,1,2022-01-12
20220113,2022,Q1,1,Jan,2022-01,Thursday,0,1,2022-01-13
20220114,2022,Q1,1,Jan,2022-01,Friday,0,1,2022-01-14
20220115,2022,Q1,1,Jan,2022-01,Saturday,1,1,2022-01-15
20220116,2022,Q1,1,Jan,2022-01,Sunday,1,1,2022-01-16
20220117,2022,Q1,1,Jan,2022-01,Monday,0,1,2022-01-17
20220118,2022,Q1,1,Jan,2022-01,Tuesday,0,1,2022-01-18
20220119,2022,Q1,1,Jan,2022-01,Wednesday,0,1,2022-01-19
20220120,2022,Q1,1,Jan,2022-01,Thursday,0,1,2022-01-20
20220121,2022,Q1,1,Jan,2022-01,Friday,0,1,2022-01-21
20220122,2022,Q1,1,Jan,2022-01,Saturday,1,1,2022-01-22
20220123,2022,Q1,1,Jan,2022-01,Sunday,1,1,2022-01-23
20220124,2022,Q1,1,Jan,2022-01,Monday,0,1,2022-01-24
20220125,2022,Q1,1,Jan,2022-01,Tuesday,0,1,2022-01-25
20220126,2022,Q1,1,Jan,2022-01,Wednesday,0,1,2022-01-26
20220127,2022,Q1,1,Jan,2022-01,Thursday,0,1,2022-01-27
20220128,2022,Q1,1,Jan,2022-01,Friday,0,1,2022-01-28
20220129,2022,Q1,1,Jan,2022-01,Saturday,1,1,2022-01-29
20220130,2022,Q1,1,Jan,2022-01,Sunday,1,1,2022-01-30
20220131,2022,Q1,1,Jan,2022-01,Monday,0,1,2022-01-31
20220201,2022,Q1,2,Feb,2022-02,Tuesday,0,1,2022-02-01
20220202,2022,Q1,2,Feb,2022-02,Wednesday,0,1,2022-02-02
20220203,2022,Q1,2,Feb,2022-02,Thursday,0,1,2022-02-03
20220204,2022,Q1,2,Feb,2022-02,Friday,0,1,2022-02-04
20220205,2022,Q1,2,Feb,2022-02,Saturday,1,1,2022-02-05
20220206,2022,Q1,2,Feb,2022-02,Sunday,1,1,2022-02-06
20220207,2022,Q1,2,Feb,2022-02,Monday,0,1,2022-02-07
20220208,2022,Q1,2,Feb,2022-02,Tuesday,0,1,2022-02-08
20220209,2022,Q1,2,Feb,2022-02,Wednesday,0,1,2022-02-09
20220210,2022,Q1,2,Feb,2022-02,Thursday,0,1,2022-02-10
20220211,2022,Q1,2,Feb,2022-02,Friday,0,1,2022-02-11
20220212,2022,Q1,2,Feb,2022-02,Saturday,1,1,2022-02-12
20220213,2022,Q1,2,Feb,2022-02,Sunday,1,1,2022-02-13
20220214,2022,Q1,2,Feb,2022-02,Monday,0,1,2022-02-14
20220215,2022,Q1,2,Feb,2022-02,Tuesday,0,1,2022-02-15
20220216,2022,Q1,2,Feb,2022-02,Wednesday,0,1,2022-02-16
20220217,2022,Q1,2,Feb,2022-02,Thursday,0,1,2022-02-17
20220218,2022,Q1,2,Feb,2022-02,Friday,0,1,2022-02-18
20220219,2022,Q1,2,Feb,2022-02,Saturday,1,1,2022-02-19
20220220,2022,Q1,2,Feb,2022-02,Sunday,1,1,2022-02-20
20220221,2022,Q1,2,Feb,2022-02,Monday,0,1,2022-02-21
20220222,2022,Q1,2,Feb,2022-02,Tuesday,0,1,2022-02-22
20220223,2022,Q1,2,Feb,2022-02,Wednesday,0,1,2022-02-23
20220224,2022,Q1,2,Feb,2022-02,Thursday,0,1,2022-02-24
20220225,2022,Q1,2,Feb,2022-02,Friday,0,1,2022-02-25
20220226,2022,Q1,2,Feb,2022-02,Saturday,1,1,2022-02-26
20220227,2022,Q1,2,Feb,2022-02,Sunday,1,1,2022-02-27
20220228,2022,Q1,2,Feb,2022-02,Monday,0,1,2022-02-28
20220301,2022,Q1,3,Mar,2022-03,Tuesday,0,1,2022-03-01
20220302,2022,Q1,3,Mar,2022-03,Wednesday,0,1,2022-03-02
20220303,2022,Q1,3,Mar,2022-03,Thursday,0,1,2022-03-03
20220304,2022,Q1,3,Mar,2022-03,Friday,0,1,2022-03-04
20220305,2022,Q1,3,Mar,2022-03,Saturday,1,1,2022-03-05
20220306,2022,Q1,3,Mar,2022-03,Sunday,1,1,2022-03-06
20220307,2022,Q1,3,Mar,2022-03,Monday,0,1,2022-03-07
20220308,2022,Q1,3,Mar,2022-03,Tuesday,0,1,2022-03-08
20220309,2022,Q1,3,Mar,2022-03,Wednesday,0,1,2022-03-09
20220310,2022,Q1,3,Mar,2022-03,Thursday,0,1,2022-03-10
20220311,2022,Q1,3,Mar,2022-03,Friday,0,1,2022-03-11
20220312,2022,Q1,3,Mar,2022-03,Saturday,1,1,2022-03-12
20220313,2022,Q1,3,Mar,2022-03,Sunday,1,1,2022-03-13
20220314,2022,Q1,3,Mar,2022-03,Monday,0,1,2022-03-14
20220315,2022,Q1,3,Mar,2022-03,Tuesday,0,1,2022-03-15
20220316,2022,Q1,3,Mar,2022-03,Wednesday,0,1,2022-03-16
20220317,2022,Q1,3,Mar,2022-03,Thursday,0,1,2022-03-17
20220318,2022,Q1,3,Mar,2022-03,Friday,0,1,2022-03-18
20220319,2022,Q1,3,Mar,2022-03,Saturday,1,1,2022-03-19
20220320,2022,Q1,3,Mar,2022-03,Sunday,1,1,2022-03-20
20220321,2022,Q1,3,Mar,2022-03,Monday,0,1,2022-03-21
20220322,2022,Q1,3,Mar,2022-03,Tuesday,0,1,2022-03-22
20220323,2022,Q1,3,Mar,2022-03,Wednesday,0,1,2022-03-23
20220324,2022,Q1,3,Mar,2022-03,Thursday,0,1,2022-03-24
20220325,2022,Q1,3,Mar,2022-03,Friday,0,1,2022-03-25
20220326,2022,Q1,3,Mar,2022-03,Saturday,1,1,2022-03-26
20220327,2022,Q1,3,Mar,2022-03,Sunday,1,1,2022-03-27
20220328,2022,Q1,3,Mar,2022-03,Monday,0,1,2022-03-28
20220329,2022,Q1,3,Mar,2022-03,Tuesday,0,1,2022-03-29
20220330,2022,Q1,3,Mar,2022-03,Wednesday,0,1,2022-03-30
20220331,2022,Q1,3,Mar,2022-03,Thursday,0,1,2022-03-31
20220401,2022,Q2,4,Apr,2022-04,Friday,0,1,2022-04-01
20220402,2022,Q2,4,Apr,2022-04,Saturday,1,1,2022-04-02
20220403,2022,Q2,4,Apr,2022-04,Sunday,1,1,2022-04-03
20220404,2022,Q2,4,Apr,2022-04,Monday,0,1,2022-04-04
20220405,2022,Q2,4,Apr,2022-04,Tuesday,0,1,2022-04-05
20220406,2022,Q2,4,Apr,2022-04,Wednesday,0,1,2022-04-06
20220407,2022,Q2,4,Apr,2022-04,Thursday,0,1,2022-04-07
20220408,2022,Q2,4,Apr,2022-04,Friday,0,1,2022-04-08
20220409,2022,Q2,4,Apr,2022-04,Saturday,1,1,2022-04-09
20220410,2022,Q2,4,Apr,2022-04,Sunday,1,1,2022-04-10
20220411,2022,Q2,4,Apr,2022-04,Monday,0,1,2022-04-11
20220412,2022,Q2,4,Apr,2022-04,Tuesday,0,1,2022-04-12
20220413,2022,Q2,4,Apr,2022-04,Wednesday,0,1,2022-04-13
20220414,2022,Q2,4,Apr,2022-04,Thursday,0,1,2022-04-14
20220415,2022,Q2,4,Apr,2022-04,Friday,0,1,2022-04-15
20220416,2022,Q2,4,Apr,2022-04,Saturday,1,1,2022-04-16
20220417,2022,Q2,4,Apr,2022-04,Sunday,1,1,2022-04-17
20220418,2022,Q2,4,Apr,2022-04,Monday,0,1,2022-04-18
20220419,2022,Q2,4,Apr,2022-04,Tuesday,0,1,2022-04-19
20220420,2022,Q2,4,Apr,2022-04,Wednesday,0,1,2022-04-20
20220421,2022,Q2,4,Apr,2022-04,Thursday,0,1,2022-04-21
20220422,2022,Q2,4,Apr,2022-04,Friday,0,1,2022-04-22
20220423,2022,Q2,4,Apr,2022-04,Saturday,1,1,2022-04-23
20220424,2022,Q2,4,Apr,2022-04,Sunday,1,1,2022-04-24
20220425,2022,Q2,4,Apr,2022-04,Monday,0,1,2022-04-25
20220426,2022,Q2,4,Apr,2022-04,Tuesday,0,1,2022-04-26
20220427,2022,Q2,4,Apr,2022-04,Wednesday,0,1,2022-04-27
20220428,2022,Q2,4,Apr,2022-04,Thursday,0,1,2022-04-28
20220429,2022,Q2,4,Apr,2022-04,Friday,0,1,2022-04-29
20220430,2022,Q2,4,Apr,2022-04,Saturday,1,1,2022-04-30
20220501,2022,Q2,5,May,2022-05,Sunday,1,1,2022-05-01
20220502,2022,Q2,5,May,2022-05,Monday,0,1,2022-05-02
20220503,2022,Q2,5,May,2022-05,Tuesday,0,1,2022-05-03
20220504,2022,Q2,5,May,2022-05,Wednesday,0,1,2022-05-04
20220505,2022,Q2,5,May,2022-05,Thursday,0,1,2022-05-05
20220506,2022,Q2,5,May,2022-05,Friday,0,1,2022-05-06
20220507,2022,Q2,5,May,2022-05,Saturday,1,1,2022-05-07
20220508,2022,Q2,5,May,2022-05,Sunday,1,1,2022-05-08
20220509,2022,Q2,5,May,2022-05,Monday,0,1,2022-05-09
20220510,2022,Q2,5,May,2022-05,Tuesday,0,1,2022-05-10
20220511,2022,Q2,5,May,2022-05,Wednesday,0,1,2022-05-11
20220512,2022,Q2,5,May,2022-05,Thursday,0,1,2022-05-12
20220513,2022,Q2,5,May,2022-05,Friday,0,1,2022-05-13
20220514,2022,Q2,5,May,2022-05,Saturday,1,1,2022-05-14
20220515,2022,Q2,5,May,2022-05,Sunday,1,1,2022-05-15
20220516,2022,Q2,5,May,2022-05,Monday,0,1,2022-05-16
20220517,2022,Q2,5,May,2022-05,Tuesday,0,1,2022-05-17
20220518,2022,Q2,5,May,2022-05,Wednesday,0,1,2022-05-18
20220519,2022,Q2,5,May,2022-05,Thursday,0,1,2022-05-19
20220520,2022,Q2,5,May,2022-05,Friday,0,1,2022-05-20
20220521,2022,Q2,5,May,2022-05,Saturday,1,1,2022-05-21
20220522,2022,Q2,5,May,2022-05,Sunday,1,1,2022-05-22
20220523,2022,Q2,5,May,2022-05,Monday,0,1,2022-05-23
20220524,2022,Q2,5,May,2022-05,Tuesday,0,1,2022-05-24
20220525,2022,Q2,5,May,2022-05,Wednesday,0,1,2022-05-25
20220526,2022,Q2,5,May,2022-05,Thursday,0,1,2022-05-26
20220527,2022,Q2,5,May,2022-05,Friday,0,1,2022-05-27
20220528,2022,Q2,5,May,2022-05,Saturday,1,1,2022-05-28
20220529,2022,Q2,5,May,2022-05,Sunday,1,1,2022-05-29
20220530,2022,Q2,5,May,2022-05,Monday,0,1,2022-05-30
20220531,2022,Q2,5,May,2022-05,Tuesday,0,1,2022-05-31
20220601,2022,Q2,6,Jun,2022-06,Wednesday,0,1,2022-06-01
20220602,2022,Q2,6,Jun,2022-06,Thursday,0,1,2022-06-02
20220603,2022,Q2,6,Jun,2022-06,Friday,0,1,2022-06-03
20220604,2022,Q2,6,Jun,2022-06,Saturday,1,1,2022-06-04
20220605,2022,Q2,6,Jun,2022-06,Sunday,1,1,2022-06-05
20220606,2022,Q2,6,Jun,2022-06,Monday,0,1,2022-06-06
20220607,2022,Q2,6,Jun,2022-06,Tuesday,0,1,2022-06-07
20220608,2022,Q2,6,Jun,2022-06,Wednesday,0,1,2022-06-08
20220609,2022,Q2,6,Jun,2022-06,Thursday,0,1,2022-06-09
20220610,2022,Q2,6,Jun,2022-06,Friday,0,1,2022-06-10
20220611,2022,Q2,6,Jun,2022-06,Saturday,1,1,2022-06-11
20220612,2022,Q2,6,Jun,2022-06,Sunday,1,1,2022-06-12
20220613,2022,Q2,6,Jun,2022-06,Monday,0,1,2022-06-13
20220614,2022,Q2,6,Jun,2022-06,Tuesday,0,1,2022-06-14
20220615,2022,Q2,6,Jun,2022-06,Wednesday,0,1,2022-06-15
20220616,2022,Q2,6,Jun,2022-06,Thursday,0,1,2022-06-16
20220617,2022,Q2,6,Jun,2022-06,Friday,0,1,2022-06-17
20220618,2022,Q2,6,Jun,2022-06,Saturday,1,1,2022-06-18
20220619,2022,Q2,6,Jun,2022-06,Sunday,1,1,2022-06-19
20220620,2022,Q2,6,Jun,2022-06,Monday,0,1,2022-06-20
20220621,2022,Q2,6,Jun,2022-06,Tuesday,0,1,2022-06-21
20220622,2022,Q2,6,Jun,2022-06,Wednesday,0,1,2022-06-22
20220623,2022,Q2,6,Jun,2022-06,Thursday,0,1,2022-06-23
20220624,2022,Q2,6,Jun,2022-06,Friday,0,1,2022-06-24
20220625,2022,Q2,6,Jun,2022-06,Saturday,1,1,2022-06-25
20220626,2022,Q2,6,Jun,2022-06,Sunday,1,1,2022-06-26
20220627,2022,Q2,6,Jun,2022-06,Monday,0,1,2022-06-27
20220628,2022,Q2,6,Jun,2022-06,Tuesday,0,1,2022-06-28
20220629,2022,Q2,6,Jun,2022-06,Wednesday,0,1,2022-06-29
20220630,2022,Q2,6,Jun,2022-06,Thursday,0,1,2022-06-30
20220701,2022,Q3,7,Jul,2022-07,Friday,0,1,2022-07-01
20220702,2022,Q3,7,Jul,2022-07,Saturday,1,1,2022-07-02
20220703,2022,Q3,7,Jul,2022-07,Sunday,1,1,2022-07-03
20220704,2022,Q3,7,Jul,2022-07,Monday,0,1,2022-07-04
20220705,2022,Q3,7,Jul,2022-07,Tuesday,0,1,2022-07-05
20220706,2022,Q3,7,Jul,2022-07,Wednesday,0,1,2022-07-06
20220707,2022,Q3,7,Jul,2022-07,Thursday,0,1,2022-07-07
20220708,2022,Q3,7,Jul,2022-07,Friday,0,1,2022-07-08
20220709,2022,Q3,7,Jul,2022-07,Saturday,1,1,2022-07-09
20220710,2022,Q3,7,Jul,2022-07,Sunday,1,1,2022-07-10
20220711,2022,Q3,7,Jul,2022-07,Monday,0,1,2022-07-11
20220712,2022,Q3,7,Jul,2022-07,Tuesday,0,1,2022-07-12
20220713,2022,Q3,7,Jul,2022-07,Wednesday,0,1,2022-07-13
20220714,2022,Q3,7,Jul,2022-07,Thursday,0,1,2022-07-14
20220715,2022,Q3,7,Jul,2022-07,Friday,0,1,2022-07-15
20220716,2022,Q3,7,Jul,2022-07,Saturday,1,1,2022-07-16
20220717,2022,Q3,7,Jul,2022-07,Sunday,1,1,2022-07-17
20220718,2022,Q3,7,Jul,2022-07,Monday,0,1,2022-07-18
20220719,2022,Q3,7,Jul,2022-07,Tuesday,0,1,2022-07-19
20220720,2022,Q3,7,Jul,2022-07,Wednesday,0,1,2022-07-20
20220721,2022,Q3,7,Jul,2022-07,Thursday,0,1,2022-07-21
20220722,2022,Q3,7,Jul,2022-07,Friday,0,1,2022-07-22
20220723,2022,Q3,7,Jul,2022-07,Saturday,1,1,2022-07-23
20220724,2022,Q3,7,Jul,2022-07,Sunday,1,1,2022-07-24
20220725,2022,Q3,7,Jul,2022-07,Monday,0,1,2022-07-25
20220726,2022,Q3,7,Jul,2022-07,Tuesday,0,1,2022-07-26
20220727,2022,Q3,7,Jul,2022-07,Wednesday,0,1,2022-07-27
20220728,2022,Q3,7,Jul,2022-07,Thursday,0,1,2022-07-28
20220729,2022,Q3,7,Jul,2022-07,Friday,0,1,2022-07-29
20220730,2022,Q3,7,Jul,2022-07,Saturday,1,1,2022-07-30
20220731,2022,Q3,7,Jul,2022-07,Sunday,1,1,2022-07-31
20220801,2022,Q3,8,Aug,2022-08,Monday,0,1,2022-08-01
20220802,2022,Q3,8,Aug,2022-08,Tuesday,0,1,2022-08-02
20220803,2022,Q3,8,Aug,2022-08,Wednesday,0,1,2022-08-03
20220804,2022,Q3,8,Aug,2022-08,Thursday,0,1,2022-08-04
20220805,2022,Q3,8,Aug,2022-08,Friday,0,1,2022-08-05
20220806,2022,Q3,8,Aug,2022-08,Saturday,1,1,2022-08-06
20220807,2022,Q3,8,Aug,2022-08,Sunday,1,1,2022-08-07
20220808,2022,Q3,8,Aug,2022-08,Monday,0,1,2022-08-08
20220809,2022,Q3,8,Aug,2022-08,Tuesday,0,1,2022-08-09
20220810,2022,Q3,8,Aug,2022-08,Wednesday,0,1,2022-08-10
20220811,2022,Q3,8,Aug,2022-08,Thursday,0,1,2022-08-11
20220812,2022,Q3,8,Aug,2022-08,Friday,0,1,2022-08-12
20220813,2022,Q3,8,Aug,2022-08,Saturday,1,1,2022-08-13
20220814,2022,Q3,8,Aug,2022-08,Sunday,1,1,2022-08-14
20220815,2022,Q3,8,Aug,2022-08,Monday,0,1,2022-08-15
20220816,2022,Q3,8,Aug,2022-08,Tuesday,0,1,2022-08-16
20220817,2022,Q3,8,Aug,2022-08,Wednesday,0,1,2022-08-17
20220818,2022,Q3,8,Aug,2022-08,Thursday,0,1,2022-08-18
20220819,2022,Q3,8,Aug,2022-08,Friday,0,1,2022-08-19
20220820,2022,Q3,8,Aug,2022-08,Saturday,1,1,2022-08-20
20220821,2022,Q3,8,Aug,2022-08,Sunday,1,1,2022-08-21
20220822,2022,Q3,8,Aug,2022-08,Monday,0,1,2022-08-22
20220823,2022,Q3,8,Aug,2022-08,Tuesday,0,1,2022-08-23
20220824,2022,Q3,8,Aug,2022-08,Wednesday,0,1,2022-08-24
20220825,2022,Q3,8,Aug,2022-08,Thursday,0,1,2022-08-25
20220826,2022,Q3,8,Aug,2022-08,Friday,0,1,2022-08-26
20220827,2022,Q3,8,Aug,2022-08,Saturday,1,1,2022-08-27
20220828,2022,Q3,8,Aug,2022-08,Sunday,1,1,2022-08-28
20220829,2022,Q3,8,Aug,2022-08,Monday,0,1,2022-08-29
20220830,2022,Q3,8,Aug,2022-08,Tuesday,0,1,2022-08-30
20220831,2022,Q3,8,Aug,2022-08,Wednesday,0,1,2022-08-31
20220901,2022,Q3,9,Sep,2022-09,Thursday,0,1,2022-09-01
20220902,2022,Q3,9,Sep,2022-09,Friday,0,1,2022-09-02
20220903,2022,Q3,9,Sep,2022-09,Saturday,1,1,2022-09-03
20220904,2022,Q3,9,Sep,2022-09,Sunday,1,1,2022-09-04
20220905,2022,Q3,9,Sep,2022-09,Monday,0,1,2022-09-05
20220906,2022,Q3,9,Sep,2022-09,Tuesday,0,1,2022-09-06
20220907,2022,Q3,9,Sep,2022-09,Wednesday,0,1,2022-09-07
20220908,2022,Q3,9,Sep,2022-09,Thursday,0,1,2022-09-08
20220909,2022,Q3,9,Sep,2022-09,Friday,0,1,2022-09-09
20220910,2022,Q3,9,Sep,2022-09,Saturday,1,1,2022-09-10
20220911,2022,Q3,9,Sep,2022-09,Sunday,1,1,2022-09-11
20220912,2022,Q3,9,Sep,2022-09,Monday,0,1,2022-09-12
20220913,2022,Q3,9,Sep,2022-09,Tuesday,0,1,2022-09-13
20220914,2022,Q3,9,Sep,2022-09,Wednesday,0,1,2022-09-14
20220915,2022,Q3,9,Sep,2022-09,Thursday,0,1,2022-09-15
20220916,2022,Q3,9,Sep,2022-09,Friday,0,1,2022-09-16
20220917,2022,Q3,9,Sep,2022-09,Saturday,1,1,2022-09-17
20220918,2022,Q3,9,Sep,2022-09,Sunday,1,1,2022-09-18
20220919,2022,Q3,9,Sep,2022-09,Monday,0,1,2022-09-19
20220920,2022,Q3,9,Sep,2022-09,Tuesday,0,1,2022-09-20
20220921,2022,Q3,9,Sep,2022-09,Wednesday,0,1,2022-09-21
20220922,2022,Q3,9,Sep,2022-09,Thursday,0,1,2022-09-22
20220923,2022,Q3,9,Sep,2022-09,Friday,0,1,2022-09-23
20220924,2022,Q3,9,Sep,2022-09,Saturday,1,1,2022-09-24
20220925,2022,Q3,9,Sep,2022-09,Sunday,1,1,2022-09-25
20220926,2022,Q3,9,Sep,2022-09,Monday,0,1,2022-09-26
20220927,2022,Q3,9,Sep,2022-09,Tuesday,0,1,2022-09-27
20220928,2022,Q3,9,Sep,2022-09,Wednesday,0,1,2022-09-28
20220929,2022,Q3,9,Sep,2022-09,Thursday,0,1,2022-09-29
20220930,2022,Q3,9,Sep,2022-09,Friday,0,1,2022-09-30
20221001,2022,Q4,10,Oct,2022-10,Saturday,1,1,2022-10-01
20221002,2022,Q4,10,Oct,2022-10,Sunday,1,1,2022-10-02
20221003,2022,Q4,10,Oct,2022-10,Monday,0,1,2022-10-03
20221004,2022,Q4,10,Oct,2022-10,Tuesday,0,1,2022-10-04
20221005,2022,Q4,10,Oct,2022-10,Wednesday,0,1,2022-10-05
20221006,2022,Q4,10,Oct,2022-10,Thursday,0,1,2022-10-06
20221007,2022,Q4,10,Oct,2022-10,Friday,0,1,2022-10-07
20221008,2022,Q4,10,Oct,2022-10,Saturday,1,1,2022-10-08
20221009,2022,Q4,10,Oct,2022-10,Sunday,1,1,2022-10-09
20221010,2022,Q4,10,Oct,2022-10,Monday,0,1,2022-10-10
20221011,2022,Q4,10,Oct,2022-10,Tuesday,0,1,2022-10-11
20221012,2022,Q4,10,Oct,2022-10,Wednesday,0,1,2022-10-12
20221013,2022,Q4,10,Oct,2022-10,Thursday,0,1,2022-10-13
20221014,2022,Q4,10,Oct,2022-10,Friday,0,1,2022-10-14
20221015,2022,Q4,10,Oct,2022-10,Saturday,1,1,2022-10-15
20221016,2022,Q4,10,Oct,2022-10,Sunday,1,1,2022-10-16
20221017,2022,Q4,10,Oct,2022-10,Monday,0,1,2022-10-17
20221018,2022,Q4,10,Oct,2022-10,Tuesday,0,1,2022-10-18
20221019,2022,Q4,10,Oct,2022-10,Wednesday,0,1,2022-10-19
20221020,2022,Q4,10,Oct,2022-10,Thursday,0,1,2022-10-20
20221021,2022,Q4,10,Oct,2022-10,Friday,0,1,2022-10-21
20221022,2022,Q4,10,Oct,2022-10,Saturday,1,1,2022-10-22
20221023,2022,Q4,10,Oct,2022-10,Sunday,1,1,2022-10-23
20221024,2022,Q4,10,Oct,2022-10,Monday,0,1,2022-10-24
20221025,2022,Q4,10,Oct,2022-10,Tuesday,0,1,2022-10-25
20221026,2022,Q4,10,Oct,2022-10,Wednesday,0,1,2022-10-26
20221027,2022,Q4,10,Oct,2022-10,Thursday,0,1,2022-10-27
20221028,2022,Q4,10,Oct,2022-10,Friday,0,1,2022-10-28
20221029,2022,Q4,10,Oct,2022-10,Saturday,1,1,2022-10-29
20221030,2022,Q4,10,Oct,2022-10,Sunday,1,1,2022-10-30
20221031,2022,Q4,10,Oct,2022-10,Monday,0,1,2022-10-31
20221101,2022,Q4,11,Nov,2022-11,Tuesday,0,1,2022-11-01
20221102,2022,Q4,11,Nov,2022-11,Wednesday,0,1,2022-11-02
20221103,2022,Q4,11,Nov,2022-11,Thursday,0,1,2022-11-03
20221104,2022,Q4,11,Nov,2022-11,Friday,0,1,2022-11-04
20221105,2022,Q4,11,Nov,2022-11,Saturday,1,1,2022-11-05
20221106,2022,Q4,11,Nov,2022-11,Sunday,1,1,2022-11-06
20221107,2022,Q4,11,Nov,2022-11,Monday,0,1,2022-11-07
20221108,2022,Q4,11,Nov,2022-11,Tuesday,0,1,2022-11-08
20221109,2022,Q4,11,Nov,2022-11,Wednesday,0,1,2022-11-09
20221110,2022,Q4,11,Nov,2022-11,Thursday,0,1,2022-11-10
20221111,2022,Q4,11,Nov,2022-11,Friday,0,1,2022-11-11
20221112,2022,Q4,11,Nov,2022-11,Saturday,1,1,2022-11-12
20221113,2022,Q4,11,Nov,2022-11,Sunday,1,1,2022-11-13
20221114,2022,Q4,11,Nov,2022-11,Monday,0,1,2022-11-14
20221115,2022,Q4,11,Nov,2022-11,Tuesday,0,1,2022-11-15
20221116,2022,Q4,11,Nov,2022-11,Wednesday,0,1,2022-11-16
20221117,2022,Q4,11,Nov,2022-11,Thursday,0,1,2022-11-17
20221118,2022,Q4,11,Nov,2022-11,Friday,0,1,2022-11-18
20221119,2022,Q4,11,Nov,2022-11,Saturday,1,1,2022-11-19
20221120,2022,Q4,11,Nov,2022-11,Sunday,1,1,2022-11-20
20221121,2022,Q4,11,Nov,2022-11,Monday,0,1,2022-11-21
20221122,2022,Q4,11,Nov,2022-11,Tuesday,0,1,2022-11-22
20221123,2022,Q4,11,Nov,2022-11,Wednesday,0,1,2022-11-23
20221124,2022,Q4,11,Nov,2022-11,Thursday,0,1,2022-11-24
20221125,2022,Q4,11,Nov,2022-11,Friday,0,1,2022-11-25
20221126,2022,Q4,11,Nov,2022-11,Saturday,1,1,2022-11-26
20221127,2022,Q4,11,Nov,2022-11,Sunday,1,1,2022-11-27
20221128,2022,Q4,11,Nov,2022-11,Monday,0,1,2022-11-28
20221129,2022,Q4,11,Nov,2022-11,Tuesday,0,1,2022-11-29
20221130,2022,Q4,11,Nov,2022-11,Wednesday,0,1,2022-11-30
20221201,2022,Q4,12,Dec,2022-12,Thursday,0,1,2022-12-01
20221202,2022,Q4,12,Dec,2022-12,Friday,0,1,2022-12-02
20221203,2022,Q4,12,Dec,2022-12,Saturday,1,1,2022-12-03
20221204,2022,Q4,12,Dec,2022-12,Sunday,1,1,2022-12-04
20221205,2022,Q4,12,Dec,2022-12,Monday,0,1,2022-12-05
20221206,2022,Q4,12,Dec,2022-12,Tuesday,0,1,2022-12-06
20221207,2022,Q4,12,Dec,2022-12,Wednesday,0,1,2022-12-07
20221208,2022,Q4,12,Dec,2022-12,Thursday,0,1,2022-12-08
20221209,2022,Q4,12,Dec,2022-12,Friday,0,1,2022-12-09
20221210,2022,Q4,12,Dec,2022-12,Saturday,1,1,2022-12-10
20221211,2022,Q4,12,Dec,2022-12,Sunday,1,1,2022-12-11
20221212,2022,Q4,12,Dec,2022-12,Monday,0,1,2022-12-12
20221213,2022,Q4,12,Dec,2022-12,Tuesday,0,1,2022-12-13
20221214,2022,Q4,12,Dec,2022-12,Wednesday,0,1,2022-12-14
20221215,2022,Q4,12,Dec,2022-12,Thursday,0,1,2022-12-15
20221216,2022,Q4,12,Dec,2022-12,Friday,0,1,2022-12-16
20221217,2022,Q4,12,Dec,2022-12,Saturday,1,1,2022-12-17
20221218,2022,Q4,12,Dec,2022-12,Sunday,1,1,2022-12-18
20221219,2022,Q4,12,Dec,2022-12,Monday,0,1,2022-12-19
20221220,2022,Q4,12,Dec,2022-12,Tuesday,0,1,2022-12-20
20221221,2022,Q4,12,Dec,2022-12,Wednesday,0,1,2022-12-21
20221222,2022,Q4,12,Dec,2022-12,Thursday,0,1,2022-12-22
20221223,2022,Q4,12,Dec,2022-12,Friday,0,1,2022-12-23
20221224,2022,Q4,12,Dec,2022-12,Saturday,1,1,2022-12-24
20221225,2022,Q4,12,Dec,2022-12,Sunday,1,1,2022-12-25
20221226,2022,Q4,12,Dec,2022-12,Monday,0,1,2022-12-26
20221227,2022,Q4,12,Dec,2022-12,Tuesday,0,1,2022-12-27
20221228,2022,Q4,12,Dec,2022-12,Wednesday,0,1,2022-12-28
20221229,2022,Q4,12,Dec,2022-12,Thursday,0,1,2022-12-29
20221230,2022,Q4,12,Dec,2022-12,Friday,0,1,2022-12-30
20221231,2022,Q4,12,Dec,2022-12,Saturday,1,1,2022-12-31
20230101,2023,Q1,1,Jan,2023-01,Sunday,1,1,2023-01-01
20230102,2023,Q1,1,Jan,2023-01,Monday,0,1,2023-01-02
20230103,2023,Q1,1,Jan,2023-01,Tuesday,0,1,2023-01-03
20230104,2023,Q1,1,Jan,2023-01,Wednesday,0,1,2023-01-04
20230105,2023,Q1,1,Jan,2023-01,Thursday,0,1,2023-01-05
20230106,2023,Q1,1,Jan,2023-01,Friday,0,1,2023-01-06
20230107,2023,Q1,1,Jan,2023-01,Saturday,1,1,2023-01-07
20230108,2023,Q1,1,Jan,2023-01,Sunday,1,1,2023-01-08
20230109,2023,Q1,1,Jan,2023-01,Monday,0,1,2023-01-09
20230110,2023,Q1,1,Jan,2023-01,Tuesday,0,1,2023-01-10
20230111,2023,Q1,1,Jan,2023-01,Wednesday,0,1,2023-01-11
20230112,2023,Q1,1,Jan,2023-01,Thursday,0,1,2023-01-12
20230113,2023,Q1,1,Jan,2023-01,Friday,0,1,2023-01-13
20230114,2023,Q1,1,Jan,2023-01,Saturday,1,1,2023-01-14
20230115,2023,Q1,1,Jan,2023-01,Sunday,1,1,2023-01-15
20230116,2023,Q1,1,Jan,2023-01,Monday,0,1,2023-01-16
20230117,2023,Q1,1,Jan,2023-01,Tuesday,0,1,2023-01-17
20230118,2023,Q1,1,Jan,2023-01,Wednesday,0,1,2023-01-18
20230119,2023,Q1,1,Jan,2023-01,Thursday,0,1,2023-01-19
20230120,2023,Q1,1,Jan,2023-01,Friday,0,1,2023-01-20
20230121,2023,Q1,1,Jan,2023-01,Saturday,1,1,2023-01-21
20230122,2023,Q1,1,Jan,2023-01,Sunday,1,1,2023-01-22
20230123,2023,Q1,1,Jan,2023-01,Monday,0,1,2023-01-23
20230124,2023,Q1,1,Jan,2023-01,Tuesday,0,1,2023-01-24
20230125,2023,Q1,1,Jan,2023-01,Wednesday,0,1,2023-01-25
20230126,2023,Q1,1,Jan,2023-01,Thursday,0,1,2023-01-26
20230127,2023,Q1,1,Jan,2023-01,Friday,0,1,2023-01-27
20230128,2023,Q1,1,Jan,2023-01,Saturday,1,1,2023-01-28
20230129,2023,Q1,1,Jan,2023-01,Sunday,1,1,2023-01-29
20230130,2023,Q1,1,Jan,2023-01,Monday,0,1,2023-01-30
20230131,2023,Q1,1,Jan,2023-01,Tuesday,0,1,2023-01-31
20230201,2023,Q1,2,Feb,2023-02,Wednesday,0,1,2023-02-01
20230202,2023,Q1,2,Feb,2023-02,Thursday,0,1,2023-02-02
20230203,2023,Q1,2,Feb,2023-02,Friday,0,1,2023-02-03
20230204,2023,Q1,2,Feb,2023-02,Saturday,1,1,2023-02-04
20230205,2023,Q1,2,Feb,2023-02,Sunday,1,1,2023-02-05
20230206,2023,Q1,2,Feb,2023-02,Monday,0,1,2023-02-06
20230207,2023,Q1,2,Feb,2023-02,Tuesday,0,1,2023-02-07
20230208,2023,Q1,2,Feb,2023-02,Wednesday,0,1,2023-02-08
20230209,2023,Q1,2,Feb,2023-02,Thursday,0,1,2023-02-09
20230210,2023,Q1,2,Feb,2023-02,Friday,0,1,2023-02-10
20230211,2023,Q1,2,Feb,2023-02,Saturday,1,1,2023-02-11
20230212,2023,Q1,2,Feb,2023-02,Sunday,1,1,2023-02-12
20230213,2023,Q1,2,Feb,2023-02,Monday,0,1,2023-02-13
20230214,2023,Q1,2,Feb,2023-02,Tuesday,0,1,2023-02-14
20230215,2023,Q1,2,Feb,2023-02,Wednesday,0,1,2023-02-15
20230216,2023,Q1,2,Feb,2023-02,Thursday,0,1,2023-02-16
20230217,2023,Q1,2,Feb,2023-02,Friday,0,1,2023-02-17
20230218,2023,Q1,2,Feb,2023-02,Saturday,1,1,2023-02-18
20230219,2023,Q1,2,Feb,2023-02,Sunday,1,1,2023-02-19
20230220,2023,Q1,2,Feb,2023-02,Monday,0,1,2023-02-20
20230221,2023,Q1,2,Feb,2023-02,Tuesday,0,1,2023-02-21
20230222,2023,Q1,2,Feb,2023-02,Wednesday,0,1,2023-02-22
20230223,2023,Q1,2,Feb,2023-02,Thursday,0,1,2023-02-23
20230224,2023,Q1,2,Feb,2023-02,Friday,0,1,2023-02-24
20230225,2023,Q1,2,Feb,2023-02,Saturday,1,1,2023-02-25
20230226,2023,Q1,2,Feb,2023-02,Sunday,1,1,2023-02-26
20230227,2023,Q1,2,Feb,2023-02,Monday,0,1,2023-02-27
20230228,2023,Q1,2,Feb,2023-02,Tuesday,0,1,2023-02-28
20230301,2023,Q1,3,Mar,2023-03,Wednesday,0,1,2023-03-01
20230302,2023,Q1,3,Mar,2023-03,Thursday,0,1,2023-03-02
20230303,2023,Q1,3,Mar,2023-03,Friday,0,1,2023-03-03
20230304,2023,Q1,3,Mar,2023-03,Saturday,1,1,2023-03-04
20230305,2023,Q1,3,Mar,2023-03,Sunday,1,1,2023-03-05
20230306,2023,Q1,3,Mar,2023-03,Monday,0,1,2023-03-06
20230307,2023,Q1,3,Mar,2023-03,Tuesday,0,1,2023-03-07
20230308,2023,Q1,3,Mar,2023-03,Wednesday,0,1,2023-03-08
20230309,2023,Q1,3,Mar,2023-03,Thursday,0,1,2023-03-09
20230310,2023,Q1,3,Mar,2023-03,Friday,0,1,2023-03-10
20230311,2023,Q1,3,Mar,2023-03,Saturday,1,1,2023-03-11
20230312,2023,Q1,3,Mar,2023-03,Sunday,1,1,2023-03-12
20230313,2023,Q1,3,Mar,2023-03,Monday,0,1,2023-03-13
20230314,2023,Q1,3,Mar,2023-03,Tuesday,0,1,2023-03-14
20230315,2023,Q1,3,Mar,2023-03,Wednesday,0,1,2023-03-15
20230316,2023,Q1,3,Mar,2023-03,Thursday,0,1,2023-03-16
20230317,2023,Q1,3,Mar,2023-03,Friday,0,1,2023-03-17
20230318,2023,Q1,3,Mar,2023-03,Saturday,1,1,2023-03-18
20230319,2023,Q1,3,Mar,2023-03,Sunday,1,1,2023-03-19
20230320,2023,Q1,3,Mar,2023-03,Monday,0,1,2023-03-20
20230321,2023,Q1,3,Mar,2023-03,Tuesday,0,1,2023-03-21
20230322,2023,Q1,3,Mar,2023-03,Wednesday,0,1,2023-03-22
20230323,2023,Q1,3,Mar,2023-03,Thursday,0,1,2023-03-23
20230324,2023,Q1,3,Mar,2023-03,Friday,0,1,2023-03-24
20230325,2023,Q1,3,Mar,2023-03,Saturday,1,1,2023-03-25
20230326,2023,Q1,3,Mar,2023-03,Sunday,1,1,2023-03-26
20230327,2023,Q1,3,Mar,2023-03,Monday,0,1,2023-03-27
20230328,2023,Q1,3,Mar,2023-03,Tuesday,0,1,2023-03-28
20230329,2023,Q1,3,Mar,2023-03,Wednesday,0,1,2023-03-29
20230330,2023,Q1,3,Mar,2023-03,Thursday,0,1,2023-03-30
20230331,2023,Q1,3,Mar,2023-03,Friday,0,1,2023-03-31
20230401,2023,Q2,4,Apr,2023-04,Saturday,1,1,2023-04-01
20230402,2023,Q2,4,Apr,2023-04,Sunday,1,1,2023-04-02
20230403,2023,Q2,4,Apr,2023-04,Monday,0,1,2023-04-03
20230404,2023,Q2,4,Apr,2023-04,Tuesday,0,1,2023-04-04
20230405,2023,Q2,4,Apr,2023-04,Wednesday,0,1,2023-04-05
20230406,2023,Q2,4,Apr,2023-04,Thursday,0,1,2023-04-06
20230407,2023,Q2,4,Apr,2023-04,Friday,0,1,2023-04-07
20230408,2023,Q2,4,Apr,2023-04,Saturday,1,1,2023-04-08
20230409,2023,Q2,4,Apr,2023-04,Sunday,1,1,2023-04-09
20230410,2023,Q2,4,Apr,2023-04,Monday,0,1,2023-04-10
20230411,2023,Q2,4,Apr,2023-04,Tuesday,0,1,2023-04-11
20230412,2023,Q2,4,Apr,2023-04,Wednesday,0,1,2023-04-12
20230413,2023,Q2,4,Apr,2023-04,Thursday,0,1,2023-04-13
20230414,2023,Q2,4,Apr,2023-04,Friday,0,1,2023-04-14
20230415,2023,Q2,4,Apr,2023-04,Saturday,1,1,2023-04-15
20230416,2023,Q2,4,Apr,2023-04,Sunday,1,1,2023-04-16
20230417,2023,Q2,4,Apr,2023-04,Monday,0,1,2023-04-17
20230418,2023,Q2,4,Apr,2023-04,Tuesday,0,1,2023-04-18
20230419,2023,Q2,4,Apr,2023-04,Wednesday,0,1,2023-04-19
20230420,2023,Q2,4,Apr,2023-04,Thursday,0,1,2023-04-20
20230421,2023,Q2,4,Apr,2023-04,Friday,0,1,2023-04-21
20230422,2023,Q2,4,Apr,2023-04,Saturday,1,1,2023-04-22
20230423,2023,Q2,4,Apr,2023-04,Sunday,1,1,2023-04-23
20230424,2023,Q2,4,Apr,2023-04,Monday,0,1,2023-04-24
20230425,2023,Q2,4,Apr,2023-04,Tuesday,0,1,2023-04-25
20230426,2023,Q2,4,Apr,2023-04,Wednesday,0,1,2023-04-26
20230427,2023,Q2,4,Apr,2023-04,Thursday,0,1,2023-04-27
20230428,2023,Q2,4,Apr,2023-04,Friday,0,1,2023-04-28
20230429,2023,Q2,4,Apr,2023-04,Saturday,1,1,2023-04-29
20230430,2023,Q2,4,Apr,2023-04,Sunday,1,1,2023-04-30
20230501,2023,Q2,5,May,2023-05,Monday,0,1,2023-05-01
20230502,2023,Q2,5,May,2023-05,Tuesday,0,1,2023-05-02
20230503,2023,Q2,5,May,2023-05,Wednesday,0,1,2023-05-03
20230504,2023,Q2,5,May,2023-05,Thursday,0,1,2023-05-04
20230505,2023,Q2,5,May,2023-05,Friday,0,1,2023-05-05
20230506,2023,Q2,5,May,2023-05,Saturday,1,1,2023-05-06
20230507,2023,Q2,5,May,2023-05,Sunday,1,1,2023-05-07
20230508,2023,Q2,5,May,2023-05,Monday,0,1,2023-05-08
20230509,2023,Q2,5,May,2023-05,Tuesday,0,1,2023-05-09
20230510,2023,Q2,5,May,2023-05,Wednesday,0,1,2023-05-10
20230511,2023,Q2,5,May,2023-05,Thursday,0,1,2023-05-11
20230512,2023,Q2,5,May,2023-05,Friday,0,1,2023-05-12
20230513,2023,Q2,5,May,2023-05,Saturday,1,1,2023-05-13
20230514,2023,Q2,5,May,2023-05,Sunday,1,1,2023-05-14
20230515,2023,Q2,5,May,2023-05,Monday,0,1,2023-05-15
20230516,2023,Q2,5,May,2023-05,Tuesday,0,1,2023-05-16
20230517,2023,Q2,5,May,2023-05,Wednesday,0,1,2023-05-17
20230518,2023,Q2,5,May,2023-05,Thursday,0,1,2023-05-18
20230519,2023,Q2,5,May,2023-05,Friday,0,1,2023-05-19
20230520,2023,Q2,5,May,2023-05,Saturday,1,1,2023-05-20
20230521,2023,Q2,5,May,2023-05,Sunday,1,1,2023-05-21
20230522,2023,Q2,5,May,2023-05,Monday,0,1,2023-05-22
20230523,2023,Q2,5,May,2023-05,Tuesday,0,1,2023-05-23
20230524,2023,Q2,5,May,2023-05,Wednesday,0,1,2023-05-24
20230525,2023,Q2,5,May,2023-05,Thursday,0,1,2023-05-25
20230526,2023,Q2,5,May,2023-05,Friday,0,1,2023-05-26
20230527,2023,Q2,5,May,2023-05,Saturday,1,1,2023-05-27
20230528,2023,Q2,5,May,2023-05,Sunday,1,1,2023-05-28
20230529,2023,Q2,5,May,2023-05,Monday,0,1,2023-05-29
20230530,2023,Q2,5,May,2023-05,Tuesday,0,1,2023-05-30
20230531,2023,Q2,5,May,2023-05,Wednesday,0,1,2023-05-31
20230601,2023,Q2,6,Jun,2023-06,Thursday,0,1,2023-06-01
20230602,2023,Q2,6,Jun,2023-06,Friday,0,1,2023-06-02
20230603,2023,Q2,6,Jun,2023-06,Saturday,1,1,2023-06-03
20230604,2023,Q2,6,Jun,2023-06,Sunday,1,1,2023-06-04
20230605,2023,Q2,6,Jun,2023-06,Monday,0,1,2023-06-05
20230606,2023,Q2,6,Jun,2023-06,Tuesday,0,1,2023-06-06
20230607,2023,Q2,6,Jun,2023-06,Wednesday,0,1,2023-06-07
20230608,2023,Q2,6,Jun,2023-06,Thursday,0,1,2023-06-08
20230609,2023,Q2,6,Jun,2023-06,Friday,0,1,2023-06-09
20230610,2023,Q2,6,Jun,2023-06,Saturday,1,1,2023-06-10
20230611,2023,Q2,6,Jun,2023-06,Sunday,1,1,2023-06-11
20230612,2023,Q2,6,Jun,2023-06,Monday,0,1,2023-06-12
20230613,2023,Q2,6,Jun,2023-06,Tuesday,0,1,2023-06-13
20230614,2023,Q2,6,Jun,2023-06,Wednesday,0,1,2023-06-14
20230615,2023,Q2,6,Jun,2023-06,Thursday,0,1,2023-06-15
20230616,2023,Q2,6,Jun,2023-06,Friday,0,1,2023-06-16
20230617,2023,Q2,6,Jun,2023-06,Saturday,1,1,2023-06-17
20230618,2023,Q2,6,Jun,2023-06,Sunday,1,1,2023-06-18
20230619,2023,Q2,6,Jun,2023-06,Monday,0,1,2023-06-19
20230620,2023,Q2,6,Jun,2023-06,Tuesday,0,1,2023-06-20
20230621,2023,Q2,6,Jun,2023-06,Wednesday,0,1,2023-06-21
20230622,2023,Q2,6,Jun,2023-06,Thursday,0,1,2023-06-22
20230623,2023,Q2,6,Jun,2023-06,Friday,0,1,2023-06-23
20230624,2023,Q2,6,Jun,2023-06,Saturday,1,1,2023-06-24
20230625,2023,Q2,6,Jun,2023-06,Sunday,1,1,2023-06-25
20230626,2023,Q2,6,Jun,2023-06,Monday,0,1,2023-06-26
20230627,2023,Q2,6,Jun,2023-06,Tuesday,0,1,2023-06-27
20230628,2023,Q2,6,Jun,2023-06,Wednesday,0,1,2023-06-28
20230629,2023,Q2,6,Jun,2023-06,Thursday,0,1,2023-06-29
20230630,2023,Q2,6,Jun,2023-06,Friday,0,1,2023-06-30
20230701,2023,Q3,7,Jul,2023-07,Saturday,1,1,2023-07-01
20230702,2023,Q3,7,Jul,2023-07,Sunday,1,1,2023-07-02
20230703,2023,Q3,7,Jul,2023-07,Monday,0,1,2023-07-03
20230704,2023,Q3,7,Jul,2023-07,Tuesday,0,1,2023-07-04
20230705,2023,Q3,7,Jul,2023-07,Wednesday,0,1,2023-07-05
20230706,2023,Q3,7,Jul,2023-07,Thursday,0,1,2023-07-06
20230707,2023,Q3,7,Jul,2023-07,Friday,0,1,2023-07-07
20230708,2023,Q3,7,Jul,2023-07,Saturday,1,1,2023-07-08
20230709,2023,Q3,7,Jul,2023-07,Sunday,1,1,2023-07-09
20230710,2023,Q3,7,Jul,2023-07,Monday,0,1,2023-07-10
20230711,2023,Q3,7,Jul,2023-07,Tuesday,0,1,2023-07-11
20230712,2023,Q3,7,Jul,2023-07,Wednesday,0,1,2023-07-12
20230713,2023,Q3,7,Jul,2023-07,Thursday,0,1,2023-07-13
20230714,2023,Q3,7,Jul,2023-07,Friday,0,1,2023-07-14
20230715,2023,Q3,7,Jul,2023-07,Saturday,1,1,2023-07-15
20230716,2023,Q3,7,Jul,2023-07,Sunday,1,1,2023-07-16
20230717,2023,Q3,7,Jul,2023-07,Monday,0,1,2023-07-17
20230718,2023,Q3,7,Jul,2023-07,Tuesday,0,1,2023-07-18
20230719,2023,Q3,7,Jul,2023-07,Wednesday,0,1,2023-07-19
20230720,2023,Q3,7,Jul,2023-07,Thursday,0,1,2023-07-20
20230721,2023,Q3,7,Jul,2023-07,Friday,0,1,2023-07-21
20230722,2023,Q3,7,Jul,2023-07,Saturday,1,1,2023-07-22
20230723,2023,Q3,7,Jul,2023-07,Sunday,1,1,2023-07-23
20230724,2023,Q3,7,Jul,2023-07,Monday,0,1,2023-07-24
20230725,2023,Q3,7,Jul,2023-07,Tuesday,0,1,2023-07-25
20230726,2023,Q3,7,Jul,2023-07,Wednesday,0,1,2023-07-26
20230727,2023,Q3,7,Jul,2023-07,Thursday,0,1,2023-07-27
20230728,2023,Q3,7,Jul,2023-07,Friday,0,1,2023-07-28
20230729,2023,Q3,7,Jul,2023-07,Saturday,1,1,2023-07-29
20230730,2023,Q3,7,Jul,2023-07,Sunday,1,1,2023-07-30
20230731,2023,Q3,7,Jul,2023-07,Monday,0,1,2023-07-31
20230801,2023,Q3,8,Aug,2023-08,Tuesday,0,1,2023-08-01
20230802,2023,Q3,8,Aug,2023-08,Wednesday,0,1,2023-08-02
20230803,2023,Q3,8,Aug,2023-08,Thursday,0,1,2023-08-03
20230804,2023,Q3,8,Aug,2023-08,Friday,0,1,2023-08-04
20230805,2023,Q3,8,Aug,2023-08,Saturday,1,1,2023-08-05
20230806,2023,Q3,8,Aug,2023-08,Sunday,1,1,2023-08-06
20230807,2023,Q3,8,Aug,2023-08,Monday,0,1,2023-08-07
20230808,2023,Q3,8,Aug,2023-08,Tuesday,0,1,2023-08-08
20230809,2023,Q3,8,Aug,2023-08,Wednesday,0,1,2023-08-09
20230810,2023,Q3,8,Aug,2023-08,Thursday,0,1,2023-08-10
20230811,2023,Q3,8,Aug,2023-08,Friday,0,1,2023-08-11
20230812,2023,Q3,8,Aug,2023-08,Saturday,1,1,2023-08-12
20230813,2023,Q3,8,Aug,2023-08,Sunday,1,1,2023-08-13
20230814,2023,Q3,8,Aug,2023-08,Monday,0,1,2023-08-14
20230815,2023,Q3,8,Aug,2023-08,Tuesday,0,1,2023-08-15
20230816,2023,Q3,8,Aug,2023-08,Wednesday,0,1,2023-08-16
20230817,2023,Q3,8,Aug,2023-08,Thursday,0,1,2023-08-17
20230818,2023,Q3,8,Aug,2023-08,Friday,0,1,2023-08-18
20230819,2023,Q3,8,Aug,2023-08,Saturday,1,1,2023-08-19
20230820,2023,Q3,8,Aug,2023-08,Sunday,1,1,2023-08-20
20230821,2023,Q3,8,Aug,2023-08,Monday,0,1,2023-08-21
20230822,2023,Q3,8,Aug,2023-08,Tuesday,0,1,2023-08-22
20230823,2023,Q3,8,Aug,2023-08,Wednesday,0,1,2023-08-23
20230824,2023,Q3,8,Aug,2023-08,Thursday,0,1,2023-08-24
20230825,2023,Q3,8,Aug,2023-08,Friday,0,1,2023-08-25
20230826,2023,Q3,8,Aug,2023-08,Saturday,1,1,2023-08-26
20230827,2023,Q3,8,Aug,2023-08,Sunday,1,1,2023-08-27
20230828,2023,Q3,8,Aug,2023-08,Monday,0,1,2023-08-28
20230829,2023,Q3,8,Aug,2023-08,Tuesday,0,1,2023-08-29
20230830,2023,Q3,8,Aug,2023-08,Wednesday,0,1,2023-08-30
20230831,2023,Q3,8,Aug,2023-08,Thursday,0,1,2023-08-31
20230901,2023,Q3,9,Sep,2023-09,Friday,0,1,2023-09-01
20230902,2023,Q3,9,Sep,2023-09,Saturday,1,1,2023-09-02
20230903,2023,Q3,9,Sep,2023-09,Sunday,1,1,2023-09-03
20230904,2023,Q3,9,Sep,2023-09,Monday,0,1,2023-09-04
20230905,2023,Q3,9,Sep,2023-09,Tuesday,0,1,2023-09-05
20230906,2023,Q3,9,Sep,2023-09,Wednesday,0,1,2023-09-06
20230907,2023,Q3,9,Sep,2023-09,Thursday,0,1,2023-09-07
20230908,2023,Q3,9,Sep,2023-09,Friday,0,1,2023-09-08
20230909,2023,Q3,9,Sep,2023-09,Saturday,1,1,2023-09-09
20230910,2023,Q3,9,Sep,2023-09,Sunday,1,1,2023-09-10
20230911,2023,Q3,9,Sep,2023-09,Monday,0,1,2023-09-11
20230912,2023,Q3,9,Sep,2023-09,Tuesday,0,1,2023-09-12
20230913,2023,Q3,9,Sep,2023-09,Wednesday,0,1,2023-09-13
20230914,2023,Q3,9,Sep,2023-09,Thursday,0,1,2023-09-14
20230915,2023,Q3,9,Sep,2023-09,Friday,0,1,2023-09-15
20230916,2023,Q3,9,Sep,2023-09,Saturday,1,1,2023-09-16
20230917,2023,Q3,9,Sep,2023-09,Sunday,1,1,2023-09-17
20230918,2023,Q3,9,Sep,2023-09,Monday,0,1,2023-09-18
20230919,2023,Q3,9,Sep,2023-09,Tuesday,0,1,2023-09-19
20230920,2023,Q3,9,Sep,2023-09,Wednesday,0,1,2023-09-20
20230921,2023,Q3,9,Sep,2023-09,Thursday,0,1,2023-09-21
20230922,2023,Q3,9,Sep,2023-09,Friday,0,1,2023-09-22
20230923,2023,Q3,9,Sep,2023-09,Saturday,1,1,2023-09-23
20230924,2023,Q3,9,Sep,2023-09,Sunday,1,1,2023-09-24
20230925,2023,Q3,9,Sep,2023-09,Monday,0,1,2023-09-25
20230926,2023,Q3,9,Sep,2023-09,Tuesday,0,1,2023-09-26
20230927,2023,Q3,9,Sep,2023-09,Wednesday,0,1,2023-09-27
20230928,2023,Q3,9,Sep,2023-09,Thursday,0,1,2023-09-28
20230929,2023,Q3,9,Sep,2023-09,Friday,0,1,2023-09-29
20230930,2023,Q3,9,Sep,2023-09,Saturday,1,1,2023-09-30
20231001,2023,Q4,10,Oct,2023-10,Sunday,1,1,2023-10-01
20231002,2023,Q4,10,Oct,2023-10,Monday,0,1,2023-10-02
20231003,2023,Q4,10,Oct,2023-10,Tuesday,0,1,2023-10-03
20231004,2023,Q4,10,Oct,2023-10,Wednesday,0,1,2023-10-04
20231005,2023,Q4,10,Oct,2023-10,Thursday,0,1,2023-10-05
20231006,2023,Q4,10,Oct,2023-10,Friday,0,1,2023-10-06
20231007,2023,Q4,10,Oct,2023-10,Saturday,1,1,2023-10-07
20231008,2023,Q4,10,Oct,2023-10,Sunday,1,1,2023-10-08
20231009,2023,Q4,10,Oct,2023-10,Monday,0,1,2023-10-09
20231010,2023,Q4,10,Oct,2023-10,Tuesday,0,1,2023-10-10
20231011,2023,Q4,10,Oct,2023-10,Wednesday,0,1,2023-10-11
20231012,2023,Q4,10,Oct,2023-10,Thursday,0,1,2023-10-12
20231013,2023,Q4,10,Oct,2023-10,Friday,0,1,2023-10-13
20231014,2023,Q4,10,Oct,2023-10,Saturday,1,1,2023-10-14
20231015,2023,Q4,10,Oct,2023-10,Sunday,1,1,2023-10-15
20231016,2023,Q4,10,Oct,2023-10,Monday,0,1,2023-10-16
20231017,2023,Q4,10,Oct,2023-10,Tuesday,0,1,2023-10-17
20231018,2023,Q4,10,Oct,2023-10,Wednesday,0,1,2023-10-18
20231019,2023,Q4,10,Oct,2023-10,Thursday,0,1,2023-10-19
20231020,2023,Q4,10,Oct,2023-10,Friday,0,1,2023-10-20
20231021,2023,Q4,10,Oct,2023-10,Saturday,1,1,2023-10-21
20231022,2023,Q4,10,Oct,2023-10,Sunday,1,1,2023-10-22
20231023,2023,Q4,10,Oct,2023-10,Monday,0,1,2023-10-23
20231024,2023,Q4,10,Oct,2023-10,Tuesday,0,1,2023-10-24
20231025,2023,Q4,10,Oct,2023-10,Wednesday,0,1,2023-10-25
20231026,2023,Q4,10,Oct,2023-10,Thursday,0,1,2023-10-26
20231027,2023,Q4,10,Oct,2023-10,Friday,0,1,2023-10-27
20231028,2023,Q4,10,Oct,2023-10,Saturday,1,1,2023-10-28
20231029,2023,Q4,10,Oct,2023-10,Sunday,1,1,2023-10-29
20231030,2023,Q4,10,Oct,2023-10,Monday,0,1,2023-10-30
20231031,2023,Q4,10,Oct,2023-10,Tuesday,0,1,2023-10-31
20231101,2023,Q4,11,Nov,2023-11,Wednesday,0,1,2023-11-01
20231102,2023,Q4,11,Nov,2023-11,Thursday,0,1,2023-11-02
20231103,2023,Q4,11,Nov,2023-11,Friday,0,1,2023-11-03
20231104,2023,Q4,11,Nov,2023-11,Saturday,1,1,2023-11-04
20231105,2023,Q4,11,Nov,2023-11,Sunday,1,1,2023-11-05
20231106,2023,Q4,11,Nov,2023-11,Monday,0,1,2023-11-06
20231107,2023,Q4,11,Nov,2023-11,Tuesday,0,1,2023-11-07
20231108,2023,Q4,11,Nov,2023-11,Wednesday,0,1,2023-11-08
20231109,2023,Q4,11,Nov,2023-11,Thursday,0,1,2023-11-09
20231110,2023,Q4,11,Nov,2023-11,Friday,0,1,2023-11-10
20231111,2023,Q4,11,Nov,2023-11,Saturday,1,1,2023-11-11
20231112,2023,Q4,11,Nov,2023-11,Sunday,1,1,2023-11-12
20231113,2023,Q4,11,Nov,2023-11,Monday,0,1,2023-11-13
20231114,2023,Q4,11,Nov,2023-11,Tuesday,0,1,2023-11-14
20231115,2023,Q4,11,Nov,2023-11,Wednesday,0,1,2023-11-15
20231116,2023,Q4,11,Nov,2023-11,Thursday,0,1,2023-11-16
20231117,2023,Q4,11,Nov,2023-11,Friday,0,1,2023-11-17
20231118,2023,Q4,11,Nov,2023-11,Saturday,1,1,2023-11-18
20231119,2023,Q4,11,Nov,2023-11,Sunday,1,1,2023-11-19
20231120,2023,Q4,11,Nov,2023-11,Monday,0,1,2023-11-20
20231121,2023,Q4,11,Nov,2023-11,Tuesday,0,1,2023-11-21
20231122,2023,Q4,11,Nov,2023-11,Wednesday,0,1,2023-11-22
20231123,2023,Q4,11,Nov,2023-11,Thursday,0,1,2023-11-23
20231124,2023,Q4,11,Nov,2023-11,Friday,0,1,2023-11-24
20231125,2023,Q4,11,Nov,2023-11,Saturday,1,1,2023-11-25
20231126,2023,Q4,11,Nov,2023-11,Sunday,1,1,2023-11-26
20231127,2023,Q4,11,Nov,2023-11,Monday,0,1,2023-11-27
20231128,2023,Q4,11,Nov,2023-11,Tuesday,0,1,2023-11-28
20231129,2023,Q4,11,Nov,2023-11,Wednesday,0,1,2023-11-29
20231130,2023,Q4,11,Nov,2023-11,Thursday,0,1,2023-11-30
20231201,2023,Q4,12,Dec,2023-12,Friday,0,1,2023-12-01
20231202,2023,Q4,12,Dec,2023-12,Saturday,1,1,2023-12-02
20231203,2023,Q4,12,Dec,2023-12,Sunday,1,1,2023-12-03
20231204,2023,Q4,12,Dec,2023-12,Monday,0,1,2023-12-04
20231205,2023,Q4,12,Dec,2023-12,Tuesday,0,1,2023-12-05
20231206,2023,Q4,12,Dec,2023-12,Wednesday,0,1,2023-12-06
20231207,2023,Q4,12,Dec,2023-12,Thursday,0,1,2023-12-07
20231208,2023,Q4,12,Dec,2023-12,Friday,0,1,2023-12-08
20231209,2023,Q4,12,Dec,2023-12,Saturday,1,1,2023-12-09
20231210,2023,Q4,12,Dec,2023-12,Sunday,1,1,2023-12-10
20231211,2023,Q4,12,Dec,2023-12,Monday,0,1,2023-12-11
20231212,2023,Q4,12,Dec,2023-12,Tuesday,0,1,2023-12-12
20231213,2023,Q4,12,Dec,2023-12,Wednesday,0,1,2023-12-13
20231214,2023,Q4,12,Dec,2023-12,Thursday,0,1,2023-12-14
20231215,2023,Q4,12,Dec,2023-12,Friday,0,1,2023-12-15
20231216,2023,Q4,12,Dec,2023-12,Saturday,1,1,2023-12-16
20231217,2023,Q4,12,Dec,2023-12,Sunday,1,1,2023-12-17
20231218,2023,Q4,12,Dec,2023-12,Monday,0,1,2023-12-18
20231219,2023,Q4,12,Dec,2023-12,Tuesday,0,1,2023-12-19
20231220,2023,Q4,12,Dec,2023-12,Wednesday,0,1,2023-12-20
20231221,2023,Q4,12,Dec,2023-12,Thursday,0,1,2023-12-21
20231222,2023,Q4,12,Dec,2023-12,Friday,0,1,2023-12-22
20231223,2023,Q4,12,Dec,2023-12,Saturday,1,1,2023-12-23
20231224,2023,Q4,12,Dec,2023-12,Sunday,1,1,2023-12-24
20231225,2023,Q4,12,Dec,2023-12,Monday,0,1,2023-12-25
20231226,2023,Q4,12,Dec,2023-12,Tuesday,0,1,2023-12-26
20231227,2023,Q4,12,Dec,2023-12,Wednesday,0,1,2023-12-27
20231228,2023,Q4,12,Dec,2023-12,Thursday,0,1,2023-12-28
20231229,2023,Q4,12,Dec,2023-12,Friday,0,1,2023-12-29
20231230,2023,Q4,12,Dec,2023-12,Saturday,1,1,2023-12-30
20231231,2023,Q4,12,Dec,2023-12,Sunday,1,1,2023-12-31
20240101,2024,Q1,1,Jan,2024-01,Monday,0,0,2024-01-01
